[{"key": "themeify", "name": "Themeify", "url": "https://github.com/birkbjo/OctoPrint-Themeify"}, {"key": "prusaslicerthumbnails", "name": "Slicer Thumbnails", "url": "https://github.com/jneilliii/OctoPrint-PrusaSlicerThumbnails"}, {"key": "PrintTimeGenius", "name": "PrintTimeGenius Plugin", "url": "https://github.com/eyal0/OctoPrint-PrintTimeGenius"}, {"key": "plotlytempgraph", "name": "Plotly Temp Graph", "url": "https://github.com/jneilliii/OctoPrint-PlotlyTempGraph"}, {"key": "LEDStripControl", "name": "LED Strip Control", "url": "https://github.com/gbonesso/OctoPrint-LEDStripControl"}, {"key": "enclosure", "name": "Enclosure Plugin", "url": "https://github.com/vitormhenrique/OctoPrint-Enclosure"}, {"key": "custombackground", "name": "Custom Background", "url": "https://github.com/jneilliii/OctoPrint-CustomBackground"}, {"key": "cancelobject", "name": "Cancel Objects", "url": "https://github.com/paukstelis/OctoPrint-Cancelobject"}, {"key": "klipper", "name": "OctoKlipper", "url": "https://github.com/thelastWallE/OctoprintKlipperPlugin"}, {"key": "bedlevelvisualizer", "name": "Bed Visualizer", "url": "https://github.com/jneilliii/OctoPrint-BedLevelVisualizer"}, {"key": "arc_welder", "name": "Arc-Welder", "url": "https://github.com/FormerLurker/ArcWelderPlugin"}]